"asset","timestamp","close","price_change","daily_return","up_days_in_week"
"ADA","2017-10-08 00:00:00","0.02","0.00","0.00","0"
"ADA","2017-10-15 00:00:00","0.03","0.01","50.00","1"
"ADA","2017-10-22 00:00:00","0.03","0.00","0.00","1"
"ADA","2017-10-29 00:00:00","0.03","0.00","0.00","1"
"ADA","2017-11-05 00:00:00","0.02","-0.01","-33.33","1"
"ADA","2017-11-12 00:00:00","0.02","0.00","0.00","1"
"ADA","2017-11-19 00:00:00","0.03","0.01","50.00","2"
"ADA","2017-11-26 00:00:00","0.04","0.01","33.33","3"
"ADA","2017-12-03 00:00:00","0.13","0.09","225.00","3"
"ADA","2017-12-10 00:00:00","0.11","-0.02","-15.38","3"
"ADA","2017-12-17 00:00:00","0.51","0.40","363.64","4"
"ADA","2017-12-24 00:00:00","0.39","-0.12","-23.53","4"
"ADA","2017-12-31 00:00:00","0.72","0.33","84.62","5"
"ADA","2018-01-07 00:00:00","1.01","0.29","40.28","5"
"ADA","2018-01-14 00:00:00","0.80","-0.21","-20.79","4"
"ADA","2018-01-21 00:00:00","0.61","-0.19","-23.75","3"
"ADA","2018-01-28 00:00:00","0.67","0.06","9.84","4"
"ADA","2018-02-04 00:00:00","0.38","-0.29","-43.28","3"
"ADA","2018-02-11 00:00:00","0.37","-0.01","-2.63","3"
"ADA","2018-02-18 00:00:00","0.39","0.02","5.41","3"
"ADA","2018-02-25 00:00:00","0.34","-0.05","-12.82","2"
"ADA","2018-03-04 00:00:00","0.30","-0.04","-11.76","2"
"ADA","2018-03-11 00:00:00","0.22","-0.08","-26.67","2"
"ADA","2018-03-18 00:00:00","0.16","-0.06","-27.27","1"
"ADA","2018-03-25 00:00:00","0.18","0.02","12.50","2"
"ADA","2018-04-01 00:00:00","0.15","-0.03","-16.67","2"
"ADA","2018-04-08 00:00:00","0.16","0.01","6.67","2"
"ADA","2018-04-15 00:00:00","0.22","0.06","37.50","3"
"ADA","2018-04-22 00:00:00","0.29","0.07","31.82","4"
"ADA","2018-04-29 00:00:00","0.37","0.08","27.59","5"
"ADA","2018-05-06 00:00:00","0.35","-0.02","-5.41","5"
"ADA","2018-05-13 00:00:00","0.29","-0.06","-17.14","4"
"ADA","2018-05-20 00:00:00","0.26","-0.03","-10.34","4"
"ADA","2018-05-27 00:00:00","0.19","-0.07","-26.92","3"
"ADA","2018-06-03 00:00:00","0.23","0.04","21.05","3"
"ADA","2018-06-10 00:00:00","0.18","-0.05","-21.74","2"
"ADA","2018-06-17 00:00:00","0.16","-0.02","-11.11","1"
"ADA","2018-06-24 00:00:00","0.13","-0.03","-18.75","1"
"ADA","2018-07-01 00:00:00","0.14","0.01","7.69","2"
"ADA","2018-07-08 00:00:00","0.15","0.01","7.14","3"
"ADA","2018-07-15 00:00:00","0.14","-0.01","-6.67","3"
"ADA","2018-07-22 00:00:00","0.17","0.03","21.43","3"
"ADA","2018-07-29 00:00:00","0.16","-0.01","-5.88","3"
"ADA","2018-08-05 00:00:00","0.13","-0.03","-18.75","3"
"ADA","2018-08-12 00:00:00","0.11","-0.02","-15.38","3"
"ADA","2018-08-19 00:00:00","0.10","-0.01","-9.09","2"
"ADA","2018-08-26 00:00:00","0.09","-0.01","-10.00","1"
"ADA","2018-09-02 00:00:00","0.10","0.01","11.11","2"
"ADA","2018-09-09 00:00:00","0.08","-0.02","-20.00","1"
"ADA","2018-09-16 00:00:00","0.07","-0.01","-12.50","1"
"ADA","2018-09-23 00:00:00","0.09","0.02","28.57","2"
"ADA","2018-09-30 00:00:00","0.09","0.00","0.00","2"
"ADA","2018-10-07 00:00:00","0.08","-0.01","-11.11","2"
"ADA","2018-10-14 00:00:00","0.07","-0.01","-12.50","2"
"ADA","2018-10-21 00:00:00","0.08","0.01","14.29","2"
"ADA","2018-10-28 00:00:00","0.07","-0.01","-12.50","2"
"ADA","2018-11-04 00:00:00","0.08","0.01","14.29","3"
"ADA","2018-11-11 00:00:00","0.08","0.00","0.00","2"
"ADA","2018-11-18 00:00:00","0.06","-0.02","-25.00","2"
"ADA","2018-11-25 00:00:00","0.04","-0.02","-33.33","2"
"ADA","2018-12-02 00:00:00","0.04","0.00","0.00","2"
"ADA","2018-12-09 00:00:00","0.03","-0.01","-25.00","1"
"ADA","2018-12-16 00:00:00","0.03","0.00","0.00","1"
"ADA","2018-12-23 00:00:00","0.04","0.01","33.33","1"
"ADA","2018-12-30 00:00:00","0.04","0.00","0.00","1"
"ADA","2019-01-06 00:00:00","0.05","0.01","25.00","2"
"ADA","2019-01-13 00:00:00","0.04","-0.01","-20.00","2"
"ADA","2019-01-20 00:00:00","0.04","0.00","0.00","2"
"ADA","2019-01-27 00:00:00","0.04","0.00","0.00","2"
"ADA","2019-02-03 00:00:00","0.04","0.00","0.00","2"
"ADA","2019-02-10 00:00:00","0.04","0.00","0.00","1"
"ADA","2019-02-17 00:00:00","0.04","0.00","0.00","1"
"ADA","2019-02-24 00:00:00","0.04","0.00","0.00","0"
"ADA","2019-03-03 00:00:00","0.04","0.00","0.00","0"
"ADA","2019-03-10 00:00:00","0.05","0.01","25.00","1"
"ADA","2019-03-17 00:00:00","0.05","0.00","0.00","1"
"ADA","2019-03-24 00:00:00","0.06","0.01","20.00","2"
"ADA","2019-03-31 00:00:00","0.07","0.01","16.67","3"
"ADA","2019-04-07 00:00:00","0.09","0.02","28.57","4"
"ADA","2019-04-14 00:00:00","0.08","-0.01","-11.11","4"
"ADA","2019-04-21 00:00:00","0.07","-0.01","-12.50","4"
"ADA","2019-04-28 00:00:00","0.07","0.00","0.00","3"
"ADA","2019-05-05 00:00:00","0.07","0.00","0.00","3"
"ADA","2019-05-12 00:00:00","0.07","0.00","0.00","2"
"ADA","2019-05-19 00:00:00","0.09","0.02","28.57","2"
"ADA","2019-05-26 00:00:00","0.09","0.00","0.00","1"
"ADA","2019-06-02 00:00:00","0.10","0.01","11.11","2"
"ADA","2019-06-09 00:00:00","0.08","-0.02","-20.00","2"
"ADA","2019-06-16 00:00:00","0.09","0.01","12.50","3"
"ADA","2019-06-23 00:00:00","0.10","0.01","11.11","4"
"ADA","2019-06-30 00:00:00","0.08","-0.02","-20.00","4"
"ADA","2019-07-07 00:00:00","0.08","0.00","0.00","3"
"ADA","2019-07-14 00:00:00","0.06","-0.02","-25.00","3"
"ADA","2019-07-21 00:00:00","0.06","0.00","0.00","2"
"ADA","2019-07-28 00:00:00","0.06","0.00","0.00","2"
"ADA","2019-08-04 00:00:00","0.06","0.00","0.00","1"
"ADA","2019-08-11 00:00:00","0.05","-0.01","-16.67","0"
"ADA","2019-08-18 00:00:00","0.05","0.00","0.00","0"
"ADA","2019-08-25 00:00:00","0.05","0.00","0.00","0"
"ADA","2019-09-01 00:00:00","0.04","-0.01","-20.00","0"
"ADA","2019-09-08 00:00:00","0.05","0.01","25.00","1"
"ADA","2019-09-15 00:00:00","0.05","0.00","0.00","1"
"ADA","2019-09-22 00:00:00","0.05","0.00","0.00","1"
"ADA","2019-09-29 00:00:00","0.04","-0.01","-20.00","1"
"ADA","2019-10-06 00:00:00","0.04","0.00","0.00","1"
"ADA","2019-10-13 00:00:00","0.04","0.00","0.00","1"
"ADA","2019-10-20 00:00:00","0.04","0.00","0.00","1"
"ADA","2019-10-27 00:00:00","0.04","0.00","0.00","0"
"ADA","2019-11-03 00:00:00","0.04","0.00","0.00","0"
"ADA","2019-11-10 00:00:00","0.04","0.00","0.00","0"
"ADA","2019-11-17 00:00:00","0.05","0.01","25.00","1"
"ADA","2019-11-24 00:00:00","0.04","-0.01","-20.00","1"
"ADA","2019-12-01 00:00:00","0.04","0.00","0.00","1"
"ADA","2019-12-08 00:00:00","0.04","0.00","0.00","1"
"ADA","2019-12-15 00:00:00","0.04","0.00","0.00","1"
"ADA","2019-12-22 00:00:00","0.03","-0.01","-25.00","1"
"ADA","2019-12-29 00:00:00","0.03","0.00","0.00","1"
"ADA","2020-01-05 00:00:00","0.03","0.00","0.00","0"
"ADA","2020-01-12 00:00:00","0.04","0.01","33.33","1"
"ADA","2020-01-19 00:00:00","0.04","0.00","0.00","1"
"ADA","2020-01-26 00:00:00","0.04","0.00","0.00","1"
"ADA","2020-02-02 00:00:00","0.06","0.02","50.00","2"
"ADA","2020-02-09 00:00:00","0.06","0.00","0.00","2"
"ADA","2020-02-16 00:00:00","0.06","0.00","0.00","2"
"ADA","2020-02-23 00:00:00","0.06","0.00","0.00","2"
"ADA","2020-03-01 00:00:00","0.05","-0.01","-16.67","1"
"ADA","2020-03-08 00:00:00","0.04","-0.01","-20.00","1"
"ADA","2020-03-15 00:00:00","0.03","-0.01","-25.00","1"
"ADA","2020-03-22 00:00:00","0.03","0.00","0.00","0"
"ADA","2020-03-29 00:00:00","0.03","0.00","0.00","0"
"ADA","2020-04-05 00:00:00","0.03","0.00","0.00","0"
"ADA","2020-04-12 00:00:00","0.03","0.00","0.00","0"
"ADA","2020-04-19 00:00:00","0.04","0.01","33.33","1"
"ADA","2020-04-26 00:00:00","0.05","0.01","25.00","2"
"ADA","2020-05-03 00:00:00","0.05","0.00","0.00","2"
"ADA","2020-05-10 00:00:00","0.05","0.00","0.00","2"
"ADA","2020-05-17 00:00:00","0.05","0.00","0.00","2"
"ADA","2020-05-24 00:00:00","0.05","0.00","0.00","2"
"ADA","2020-05-31 00:00:00","0.07","0.02","40.00","3"
"ADA","2020-06-07 00:00:00","0.09","0.02","28.57","3"
"ADA","2020-06-14 00:00:00","0.08","-0.01","-11.11","2"
"ADA","2020-06-21 00:00:00","0.08","0.00","0.00","2"
"ADA","2020-06-28 00:00:00","0.08","0.00","0.00","2"
"ADA","2020-07-05 00:00:00","0.10","0.02","25.00","3"
"ADA","2020-07-12 00:00:00","0.13","0.03","30.00","4"
"ADA","2020-07-19 00:00:00","0.12","-0.01","-7.69","3"
"ADA","2020-07-26 00:00:00","0.15","0.03","25.00","3"
"ADA","2020-08-02 00:00:00","0.13","-0.02","-13.33","3"
"ADA","2020-08-09 00:00:00","0.15","0.02","15.38","4"
"ADA","2020-08-16 00:00:00","0.14","-0.01","-6.67","4"
"ADA","2020-08-23 00:00:00","0.12","-0.02","-14.29","3"
"ADA","2020-08-30 00:00:00","0.12","0.00","0.00","2"
"ADA","2020-09-06 00:00:00","0.09","-0.03","-25.00","2"
"ADA","2020-09-13 00:00:00","0.09","0.00","0.00","1"
"ADA","2020-09-20 00:00:00","0.09","0.00","0.00","1"
"ADA","2020-09-27 00:00:00","0.10","0.01","11.11","1"
"ADA","2020-10-04 00:00:00","0.10","0.00","0.00","1"
"ADA","2020-10-11 00:00:00","0.11","0.01","10.00","2"
"ADA","2020-10-18 00:00:00","0.11","0.00","0.00","2"
"ADA","2020-10-25 00:00:00","0.11","0.00","0.00","2"
"ADA","2020-11-01 00:00:00","0.10","-0.01","-9.09","2"
"ADA","2020-11-08 00:00:00","0.11","0.01","10.00","3"
"ADA","2020-11-15 00:00:00","0.10","-0.01","-9.09","2"
"ADA","2020-11-22 00:00:00","0.14","0.04","40.00","3"
"ADA","2020-11-29 00:00:00","0.17","0.03","21.43","3"
"ADA","2020-12-06 00:00:00","0.16","-0.01","-5.88","3"
"ADA","2020-12-13 00:00:00","0.15","-0.01","-6.25","3"
"ADA","2020-12-20 00:00:00","0.16","0.01","6.67","4"
"ADA","2020-12-27 00:00:00","0.15","-0.01","-6.25","3"
"ADA","2021-01-03 00:00:00","0.20","0.05","33.33","4"
"ADA","2021-01-10 00:00:00","0.30","0.10","50.00","4"
"ADA","2021-01-17 00:00:00","0.38","0.08","26.67","4"
"ADA","2021-01-24 00:00:00","0.35","-0.03","-7.89","4"
"ADA","2021-01-31 00:00:00","0.34","-0.01","-2.86","4"
"ADA","2021-02-07 00:00:00","0.66","0.32","94.12","4"
"ADA","2021-02-14 00:00:00","0.85","0.19","28.79","5"
"ADA","2021-02-21 00:00:00","1.10","0.25","29.41","5"
"ADA","2021-02-28 00:00:00","1.31","0.21","19.09","5"
"ADA","2021-03-07 00:00:00","1.13","-0.18","-13.74","4"
"ADA","2021-03-14 00:00:00","1.06","-0.07","-6.19","4"
"ADA","2021-03-21 00:00:00","1.19","0.13","12.26","5"
"ADA","2021-03-28 00:00:00","1.19","0.00","0.00","4"
"ADA","2021-04-04 00:00:00","1.19","0.00","0.00","3"
"ADA","2021-04-11 00:00:00","1.27","0.08","6.72","3"
"ADA","2021-04-18 00:00:00","1.28","0.01","0.79","3"
"ADA","2021-04-25 00:00:00","1.09","-0.19","-14.84","3"
"ADA","2021-05-02 00:00:00","1.33","0.24","22.02","4"
"ADA","2021-05-09 00:00:00","1.77","0.44","33.08","4"
"ADA","2021-05-16 00:00:00","2.31","0.54","30.51","5"
"ADA","2021-05-23 00:00:00","1.33","-0.98","-42.42","5"
"ADA","2021-05-30 00:00:00","1.58","0.25","18.80","5"
"ADA","2021-06-06 00:00:00","1.68","0.10","6.33","5"
"ADA","2021-06-13 00:00:00","1.56","-0.12","-7.14","5"
"ADA","2021-06-20 00:00:00","1.43","-0.13","-8.33","4"
"ADA","2021-06-27 00:00:00","1.34","-0.09","-6.29","3"
"ADA","2021-07-04 00:00:00","1.46","0.12","8.96","3"
"ADA","2021-07-11 00:00:00","1.35","-0.11","-7.53","3"
"ADA","2021-07-18 00:00:00","1.18","-0.17","-12.59","2"
"ADA","2021-07-25 00:00:00","1.23","0.05","4.24","2"
"ADA","2021-08-01 00:00:00","1.32","0.09","7.32","3"
"ADA","2021-08-08 00:00:00","1.43","0.11","8.33","4"
"ADA","2021-08-15 00:00:00","2.17","0.74","51.75","5"
"ADA","2021-08-22 00:00:00","2.71","0.54","24.88","5"
"ADA","2021-08-29 00:00:00","2.86","0.15","5.54","6"
"ADA","2021-09-05 00:00:00","2.91","0.05","1.75","7"
"ADA","2021-09-12 00:00:00","2.58","-0.33","-11.34","6"
"ADA","2021-09-19 00:00:00","2.28","-0.30","-11.63","5"
"ADA","2021-09-26 00:00:00","2.21","-0.07","-3.07","4"
"ADA","2021-10-03 00:00:00","2.25","0.04","1.81","4"
"ADA","2021-10-10 00:00:00","2.20","-0.05","-2.22","3"
"ADA","2021-10-17 00:00:00","2.16","-0.04","-1.82","2"
"ADA","2021-10-24 00:00:00","2.12","-0.04","-1.85","1"
"ADA","2021-10-31 00:00:00","1.97","-0.15","-7.08","1"
"ADA","2021-11-07 00:00:00","2.02","0.05","2.54","2"
"ADA","2021-11-14 00:00:00","2.04","0.02","0.99","3"
"ADA","2021-11-21 00:00:00","1.84","-0.20","-9.80","2"
"ADA","2021-11-28 00:00:00","1.59","-0.25","-13.59","2"
"ADA","2021-12-05 00:00:00","1.38","-0.21","-13.21","2"
"ADA","2021-12-12 00:00:00","1.35","-0.03","-2.17","2"
"ADA","2021-12-19 00:00:00","1.24","-0.11","-8.15","2"
"ADA","2021-12-26 00:00:00","1.46","0.22","17.74","2"
"ADA","2022-01-02 00:00:00","1.38","-0.08","-5.48","1"
"ADA","2022-01-09 00:00:00","1.17","-0.21","-15.22","1"
"ADA","2022-01-16 00:00:00","1.41","0.24","20.51","2"
"ADA","2022-01-23 00:00:00","1.12","-0.29","-20.57","2"
"ADA","2022-01-30 00:00:00","1.04","-0.08","-7.14","2"
"ADA","2022-02-06 00:00:00","1.14","0.10","9.62","3"
"ADA","2022-02-13 00:00:00","1.05","-0.09","-7.89","2"
"ADA","2022-02-20 00:00:00","0.93","-0.12","-11.43","2"
"ADA","2022-02-27 00:00:00","0.86","-0.07","-7.53","2"
"ADA","2022-03-06 00:00:00","0.82","-0.04","-4.65","1"
"ADA","2022-03-13 00:00:00","0.79","-0.03","-3.66","1"
"ADA","2022-03-20 00:00:00","0.88","0.09","11.39","2"
"ADA","2022-03-27 00:00:00","1.18","0.30","34.09","2"
"ADA","2022-04-03 00:00:00","1.19","0.01","0.85","3"
"ADA","2022-04-10 00:00:00","1.03","-0.16","-13.45","3"
"ADA","2022-04-17 00:00:00","0.92","-0.11","-10.68","3"
"ADA","2022-04-24 00:00:00","0.89","-0.03","-3.26","3"
"ADA","2022-05-01 00:00:00","0.79","-0.10","-11.24","3"
"ADA","2022-05-08 00:00:00","0.74","-0.05","-6.33","2"
"ADA","2022-05-15 00:00:00","0.60","-0.14","-18.92","1"
"ADA","2022-05-22 00:00:00","0.54","-0.06","-10.00","0"
"ADA","2022-05-29 00:00:00","0.48","-0.06","-11.11","0"
"ADA","2022-06-05 00:00:00","0.57","0.09","18.75","1"
"ADA","2022-06-12 00:00:00","0.50","-0.07","-12.28","1"
"ADA","2022-06-19 00:00:00","0.48","-0.02","-4.00","1"
"ADA","2022-06-26 00:00:00","0.49","0.01","2.08","2"
"ADA","2022-07-03 00:00:00","0.46","-0.03","-6.12","2"
"ADA","2022-07-10 00:00:00","0.46","0.00","0.00","2"
"ADA","2022-07-17 00:00:00","0.45","-0.01","-2.17","2"
"ADA","2022-07-24 00:00:00","0.51","0.06","13.33","2"
"ADA","2022-07-31 00:00:00","0.52","0.01","1.96","3"
"ADA","2022-08-07 00:00:00","0.53","0.01","1.92","4"
"ADA","2022-08-14 00:00:00","0.57","0.04","7.55","4"
"ADA","2022-08-21 00:00:00","0.46","-0.11","-19.30","4"
"ADA","2022-08-28 00:00:00","0.43","-0.03","-6.52","4"
"ADA","2022-09-04 00:00:00","0.50","0.07","16.28","5"
"ADA","2022-09-11 00:00:00","0.51","0.01","2.00","5"
"ADA","2022-09-18 00:00:00","0.45","-0.06","-11.76","4"
"ADA","2022-09-25 00:00:00","0.45","0.00","0.00","3"
"ADA","2022-10-02 00:00:00","0.42","-0.03","-6.67","2"
"ADA","2022-10-09 00:00:00","0.42","0.00","0.00","2"
"ADA","2022-10-16 00:00:00","0.37","-0.05","-11.90","2"
"ADA","2022-10-23 00:00:00","0.36","-0.01","-2.70","1"
"ADA","2022-10-30 00:00:00","0.41","0.05","13.89","1"
"ADA","2022-11-06 00:00:00","0.40","-0.01","-2.44","1"
"ADA","2022-11-13 00:00:00","0.33","-0.07","-17.50","1"
"ADA","2022-11-20 00:00:00","0.31","-0.02","-6.06","1"
"ADA","2022-11-27 00:00:00","0.31","0.00","0.00","1"
"ADA","2022-12-04 00:00:00","0.32","0.01","3.23","2"
"ADA","2022-12-11 00:00:00","0.31","-0.01","-3.13","2"
"ADA","2022-12-18 00:00:00","0.27","-0.04","-12.90","1"
"ADA","2022-12-25 00:00:00","0.26","-0.01","-3.70","1"
"ADA","2023-01-01 00:00:00","0.25","-0.01","-3.85","1"
"ADA","2023-01-08 00:00:00","0.30","0.05","20.00","2"
"ADA","2023-01-15 00:00:00","0.35","0.05","16.67","3"
"ADA","2023-01-22 00:00:00","0.38","0.03","8.57","3"
"ADA","2023-01-29 00:00:00","0.40","0.02","5.26","4"
"ADA","2023-02-05 00:00:00","0.39","-0.01","-2.50","4"
"ADA","2023-02-12 00:00:00","0.36","-0.03","-7.69","4"
"ADA","2023-02-19 00:00:00","0.40","0.04","11.11","5"
"ADA","2023-02-26 00:00:00","0.37","-0.03","-7.50","4"
"ADA","2023-03-05 00:00:00","0.34","-0.03","-8.11","3"
"ADA","2023-03-12 00:00:00","0.33","-0.01","-2.94","2"
"ADA","2023-03-19 00:00:00","0.35","0.02","6.06","2"
"ADA","2023-03-26 00:00:00","0.36","0.01","2.86","3"
"ADA","2023-04-02 00:00:00","0.38","0.02","5.56","4"
"ADA","2023-04-09 00:00:00","0.39","0.01","2.63","4"
"ADA","2023-04-16 00:00:00","0.45","0.06","15.38","5"
"ADA","2023-04-23 00:00:00","0.39","-0.06","-13.33","5"
"ADA","2023-04-30 00:00:00","0.40","0.01","2.56","6"
"ADA","2023-05-07 00:00:00","0.38","-0.02","-5.00","5"
"ADA","2023-05-14 00:00:00","0.37","-0.01","-2.63","4"
"ADA","2023-05-21 00:00:00","0.36","-0.01","-2.70","3"
"ADA","2023-05-28 00:00:00","0.38","0.02","5.56","3"
"ADA","2023-06-04 00:00:00","0.38","0.00","0.00","2"
"ADA","2023-06-11 00:00:00","0.27","-0.11","-28.95","2"
"ADA","2023-06-18 00:00:00","0.26","-0.01","-3.70","1"
"ADA","2023-06-25 00:00:00","0.29","0.03","11.54","2"
"ADA","2023-07-02 00:00:00","0.29","0.00","0.00","2"
"ADA","2023-07-09 00:00:00","0.28","-0.01","-3.45","2"
"ADA","2023-07-16 00:00:00","0.31","0.03","10.71","2"
"ADA","2023-07-23 00:00:00","0.32","0.01","3.23","3"
"ADA","2023-07-30 00:00:00","0.32","0.00","0.00","3"
"ADA","2023-08-06 00:00:00","0.29","-0.03","-9.38","3"
"ADA","2023-08-13 00:00:00","0.29","0.00","0.00","2"
"ADA","2023-08-20 00:00:00","0.27","-0.02","-6.90","2"
"ADA","2023-08-27 00:00:00","0.26","-0.01","-3.70","2"
"ADA","2023-09-03 00:00:00","0.26","0.00","0.00","1"
"ADA","2023-09-10 00:00:00","0.25","-0.01","-3.85","0"
"ADA","2023-09-17 00:00:00","0.25","0.00","0.00","0"
"ADA","2023-09-24 00:00:00","0.24","-0.01","-4.00","0"
"ADA","2023-10-01 00:00:00","0.27","0.03","12.50","1"
"ADA","2023-10-08 00:00:00","0.26","-0.01","-3.70","1"
"ADA","2023-10-15 00:00:00","0.25","-0.01","-3.85","1"
"ADA","2023-10-22 00:00:00","0.26","0.01","4.00","2"
"ADA","2023-10-29 00:00:00","0.30","0.04","15.38","3"
"ADA","2023-11-05 00:00:00","0.34","0.04","13.33","4"
"ADA","2023-11-12 00:00:00","0.38","0.04","11.76","5"
"ADA","2023-11-19 00:00:00","0.38","0.00","0.00","4"
"ADA","2023-11-26 00:00:00","0.39","0.01","2.63","5"
"ADA","2023-12-03 00:00:00","0.40","0.01","2.56","6"
"ADA","2023-12-10 00:00:00","0.59","0.19","47.50","6"
"ADA","2023-12-17 00:00:00","0.58","-0.01","-1.69","5"
"ADA","2023-12-24 00:00:00","0.59","0.01","1.72","5"
"ADA","2023-12-31 00:00:00","0.59","0.00","0.00","4"
"ADA","2024-01-07 00:00:00","0.49","-0.10","-16.95","4"
"ADA","2024-01-14 00:00:00","0.53","0.04","8.16","4"
"ADA","2024-01-21 00:00:00","0.50","-0.03","-5.66","3"
"ADA","2024-01-28 00:00:00","0.49","-0.01","-2.00","2"
"ADA","2024-02-04 00:00:00","0.49","0.00","0.00","2"
"ADA","2024-02-11 00:00:00","0.54","0.05","10.20","2"
"ADA","2024-02-18 00:00:00","0.62","0.08","14.81","3"
"ADA","2024-02-25 00:00:00","0.59","-0.03","-4.84","3"
"ADA","2024-03-03 00:00:00","0.73","0.14","23.73","3"
"ADA","2024-03-10 00:00:00","0.72","-0.01","-1.37","3"
"ADA","2024-03-17 00:00:00","0.68","-0.04","-5.56","3"
"ADA","2024-03-24 00:00:00","0.65","-0.03","-4.41","3"
"ADA","2024-03-31 00:00:00","0.65","0.00","0.00","2"
"ADA","2024-04-07 00:00:00","0.59","-0.06","-9.23","1"
"ADA","2024-04-14 00:00:00","0.47","-0.12","-20.34","1"
"ADA","2024-04-21 00:00:00","0.50","0.03","6.38","1"
"ADA","2024-04-28 00:00:00","0.46","-0.04","-8.00","1"
"ADA","2024-05-05 00:00:00","0.46","0.00","0.00","1"
"ADA","2024-05-12 00:00:00","0.44","-0.02","-4.35","1"
"ADA","2024-05-19 00:00:00","0.47","0.03","6.82","2"
"ADA","2024-05-26 00:00:00","0.46","-0.01","-2.13","2"
"ADA","2024-06-02 00:00:00","0.45","-0.01","-2.17","2"
"ADA","2024-06-09 00:00:00","0.44","-0.01","-2.22","1"
"ADA","2024-06-16 00:00:00","0.42","-0.02","-4.55","1"
"ADA","2024-06-23 00:00:00","0.38","-0.04","-9.52","1"
"ADA","2024-06-30 00:00:00","0.39","0.01","2.63","2"
"ADA","2024-07-07 00:00:00","0.35","-0.04","-10.26","1"
"ADA","2024-07-14 00:00:00","0.43","0.08","22.86","2"
"ADA","2024-07-21 00:00:00","0.45","0.02","4.65","3"
"ADA","2024-07-28 00:00:00","0.41","-0.04","-8.89","3"
"ADA","2024-08-04 00:00:00","0.34","-0.07","-17.07","3"
"ADA","2024-08-11 00:00:00","0.33","-0.01","-2.94","3"
"ADA","2024-08-18 00:00:00","0.33","0.00","0.00","2"
"ADA","2024-08-25 00:00:00","0.38","0.05","15.15","3"
"ADA","2024-09-01 00:00:00","0.33","-0.05","-13.16","2"
"ADA","2024-09-08 00:00:00","0.34","0.01","3.03","2"
"ADA","2024-09-15 00:00:00","0.34","0.00","0.00","2"
"ADA","2024-09-22 00:00:00","0.35","0.01","2.94","3"
"ADA","2024-09-29 00:00:00","0.40","0.05","14.29","4"
"ADA","2024-10-06 00:00:00","0.36","-0.04","-10.00","4"
"ADA","2024-10-13 00:00:00","0.35","-0.01","-2.78","3"
"ADA","2024-10-20 00:00:00","0.36","0.01","2.86","4"
"ADA","2024-10-27 00:00:00","0.34","-0.02","-5.56","3"
"ADA","2024-11-03 00:00:00","0.33","-0.01","-2.94","3"
"ADA","2024-11-10 00:00:00","0.59","0.26","78.79","3"
"ADA","2024-11-17 00:00:00","0.70","0.11","18.64","3"
"ADA","2024-11-24 00:00:00","1.02","0.32","45.71","4"
"ADA","2024-12-01 00:00:00","1.16","0.14","13.73","5"
"ADA","2024-12-08 00:00:00","1.20","0.04","3.45","5"
"ADA","2024-12-15 00:00:00","1.10","-0.10","-8.33","5"
"ADA","2024-12-22 00:00:00","0.88","-0.22","-20.00","5"
"ADA","2024-12-29 00:00:00","0.86","-0.02","-2.27","4"
"BTC","2017-05-14 00:00:00","1809.00","0.00","0.00","0"
"BTC","2017-05-21 00:00:00","2041.00","232.00","12.82","1"
"BTC","2017-05-28 00:00:00","2156.00","115.00","5.63","2"
"BTC","2017-06-04 00:00:00","2512.00","356.00","16.51","3"
"BTC","2017-06-11 00:00:00","2958.00","446.00","17.75","4"
"BTC","2017-06-18 00:00:00","2548.00","-410.00","-13.86","4"
"BTC","2017-06-25 00:00:00","2589.00","41.00","1.61","5"
"BTC","2017-07-02 00:00:00","2506.00","-83.00","-3.21","5"
"BTC","2017-07-09 00:00:00","2518.00","12.00","0.48","5"
"BTC","2017-07-16 00:00:00","1930.00","-588.00","-23.35","4"
"BTC","2017-07-23 00:00:00","2730.00","800.00","41.45","4"
"BTC","2017-07-30 00:00:00","2757.00","27.00","0.99","4"
"BTC","2017-08-06 00:00:00","3214.00","457.00","16.58","5"
"BTC","2017-08-13 00:00:00","4073.00","859.00","26.73","5"
"BTC","2017-08-20 00:00:00","4088.00","15.00","0.37","6"
"BTC","2017-08-27 00:00:00","4383.00","295.00","7.22","6"
"BTC","2017-09-03 00:00:00","4583.00","200.00","4.56","7"
"BTC","2017-09-10 00:00:00","4123.00","-460.00","-10.04","6"
"BTC","2017-09-17 00:00:00","3583.00","-540.00","-13.10","5"
"BTC","2017-09-24 00:00:00","3683.00","100.00","2.79","5"
"BTC","2017-10-01 00:00:00","4404.00","721.00","19.58","5"
"BTC","2017-10-08 00:00:00","4610.00","206.00","4.68","5"
"BTC","2017-10-15 00:00:00","5678.00","1068.00","23.17","5"
"BTC","2017-10-22 00:00:00","6008.00","330.00","5.81","5"
"BTC","2017-10-29 00:00:00","6154.00","146.00","2.43","6"
"BTC","2017-11-05 00:00:00","7407.00","1253.00","20.36","7"
"BTC","2017-11-12 00:00:00","5950.00","-1457.00","-19.67","6"
"BTC","2017-11-19 00:00:00","8036.00","2086.00","35.06","6"
"BTC","2017-11-26 00:00:00","9331.00","1295.00","16.11","6"
"BTC","2017-12-03 00:00:00","11323.00","1992.00","21.35","6"
"BTC","2017-12-10 00:00:00","15455.00","4132.00","36.49","6"
"BTC","2017-12-17 00:00:00","19141.00","3686.00","23.85","6"
"BTC","2017-12-24 00:00:00","13926.00","-5215.00","-27.25","5"
"BTC","2017-12-31 00:00:00","14156.00","230.00","1.65","6"
"BTC","2018-01-07 00:00:00","16478.00","2322.00","16.40","6"
"BTC","2018-01-14 00:00:00","13772.00","-2706.00","-16.42","5"
"BTC","2018-01-21 00:00:00","11600.00","-2172.00","-15.77","4"
"BTC","2018-01-28 00:00:00","11786.00","186.00","1.60","4"
"BTC","2018-02-04 00:00:00","8277.00","-3509.00","-29.77","3"
"BTC","2018-02-11 00:00:00","8130.00","-147.00","-1.78","3"
"BTC","2018-02-18 00:00:00","10552.00","2422.00","29.79","3"
"BTC","2018-02-25 00:00:00","9665.00","-887.00","-8.41","2"
"BTC","2018-03-04 00:00:00","11513.00","1848.00","19.12","3"
"BTC","2018-03-11 00:00:00","9579.00","-1934.00","-16.80","3"
"BTC","2018-03-18 00:00:00","8224.00","-1355.00","-14.15","2"
"BTC","2018-03-25 00:00:00","8496.00","272.00","3.31","3"
"BTC","2018-04-01 00:00:00","6844.00","-1652.00","-19.44","3"
"BTC","2018-04-08 00:00:00","7024.00","180.00","2.63","3"
"BTC","2018-04-15 00:00:00","8329.00","1305.00","18.58","4"
"BTC","2018-04-22 00:00:00","8802.00","473.00","5.68","4"
"BTC","2018-04-29 00:00:00","9419.00","617.00","7.01","5"
"BTC","2018-05-06 00:00:00","9655.00","236.00","2.51","6"
"BTC","2018-05-13 00:00:00","8724.00","-931.00","-9.64","5"
"BTC","2018-05-20 00:00:00","8513.00","-211.00","-2.42","5"
"BTC","2018-05-27 00:00:00","7368.00","-1145.00","-13.45","4"
"BTC","2018-06-03 00:00:00","7720.00","352.00","4.78","4"
"BTC","2018-06-10 00:00:00","6786.00","-934.00","-12.10","3"
"BTC","2018-06-17 00:00:00","6499.00","-287.00","-4.23","2"
"BTC","2018-06-24 00:00:00","6173.00","-326.00","-5.02","1"
"BTC","2018-07-01 00:00:00","6386.00","213.00","3.45","2"
"BTC","2018-07-08 00:00:00","6774.00","388.00","6.08","3"
"BTC","2018-07-15 00:00:00","6360.00","-414.00","-6.11","3"
"BTC","2018-07-22 00:00:00","7418.00","1058.00","16.64","3"
"BTC","2018-07-29 00:00:00","8218.00","800.00","10.78","4"
"BTC","2018-08-05 00:00:00","7068.00","-1150.00","-13.99","4"
"BTC","2018-08-12 00:00:00","6323.00","-745.00","-10.54","4"
"BTC","2018-08-19 00:00:00","6506.00","183.00","2.89","4"
"BTC","2018-08-26 00:00:00","6707.00","201.00","3.09","4"
"BTC","2018-09-02 00:00:00","7273.00","566.00","8.44","5"
"BTC","2018-09-09 00:00:00","6301.00","-972.00","-13.36","4"
"BTC","2018-09-16 00:00:00","6517.00","216.00","3.43","4"
"BTC","2018-09-23 00:00:00","6711.00","194.00","2.98","5"
"BTC","2018-09-30 00:00:00","6626.00","-85.00","-1.27","5"
"BTC","2018-10-07 00:00:00","6603.00","-23.00","-0.35","4"
"BTC","2018-10-14 00:00:00","6291.00","-312.00","-4.73","3"
"BTC","2018-10-21 00:00:00","6482.00","191.00","3.04","3"
"BTC","2018-10-28 00:00:00","6486.00","4.00","0.06","4"
"BTC","2018-11-04 00:00:00","6376.00","-110.00","-1.70","3"
"BTC","2018-11-11 00:00:00","6411.00","35.00","0.55","3"
"BTC","2018-11-18 00:00:00","5624.00","-787.00","-12.28","3"
"BTC","2018-11-25 00:00:00","4010.00","-1614.00","-28.70","3"
"BTC","2018-12-02 00:00:00","4140.00","130.00","3.24","4"
"BTC","2018-12-09 00:00:00","3614.00","-526.00","-12.71","3"
"BTC","2018-12-16 00:00:00","3253.00","-361.00","-9.99","2"
"BTC","2018-12-23 00:00:00","3999.00","746.00","22.93","3"
"BTC","2018-12-30 00:00:00","3866.00","-133.00","-3.33","2"
"BTC","2019-01-06 00:00:00","4077.00","211.00","5.46","3"
"BTC","2019-01-13 00:00:00","3553.00","-524.00","-12.85","3"
"BTC","2019-01-20 00:00:00","3601.00","48.00","1.35","3"
"BTC","2019-01-27 00:00:00","3584.00","-17.00","-0.47","3"
"BTC","2019-02-03 00:00:00","3464.00","-120.00","-3.35","3"
"BTC","2019-02-10 00:00:00","3690.00","226.00","6.52","3"
"BTC","2019-02-17 00:00:00","3674.00","-16.00","-0.43","3"
"BTC","2019-02-24 00:00:00","3810.00","136.00","3.70","3"
"BTC","2019-03-03 00:00:00","3847.00","37.00","0.97","4"
"BTC","2019-03-10 00:00:00","3952.00","105.00","2.73","4"
"BTC","2019-03-17 00:00:00","4025.00","73.00","1.85","5"
"BTC","2019-03-24 00:00:00","4022.00","-3.00","-0.07","5"
"BTC","2019-03-31 00:00:00","4105.00","83.00","2.06","5"
"BTC","2019-04-07 00:00:00","5199.00","1094.00","26.65","6"
"BTC","2019-04-14 00:00:00","5168.00","-31.00","-0.60","5"
"BTC","2019-04-21 00:00:00","5315.00","147.00","2.84","5"
"BTC","2019-04-28 00:00:00","5285.00","-30.00","-0.56","4"
"BTC","2019-05-05 00:00:00","5796.00","511.00","9.67","4"
"BTC","2019-05-12 00:00:00","6972.00","1176.00","20.29","5"
"BTC","2019-05-19 00:00:00","8198.00","1226.00","17.58","5"
"BTC","2019-05-26 00:00:00","8673.00","475.00","5.79","5"
"BTC","2019-06-02 00:00:00","8743.00","70.00","0.81","6"
"BTC","2019-06-09 00:00:00","7688.00","-1055.00","-12.07","5"
"BTC","2019-06-16 00:00:00","8994.00","1306.00","16.99","6"
"BTC","2019-06-23 00:00:00","10855.00","1861.00","20.69","6"
"BTC","2019-06-30 00:00:00","10817.00","-38.00","-0.35","5"
"BTC","2019-07-07 00:00:00","11451.00","634.00","5.86","5"
"BTC","2019-07-14 00:00:00","10256.00","-1195.00","-10.44","4"
"BTC","2019-07-21 00:00:00","10599.00","343.00","3.34","4"
"BTC","2019-07-28 00:00:00","9553.00","-1046.00","-9.87","4"
"BTC","2019-08-04 00:00:00","10970.00","1417.00","14.83","4"
"BTC","2019-08-11 00:00:00","11524.00","554.00","5.05","4"
"BTC","2019-08-18 00:00:00","10346.00","-1178.00","-10.22","4"
"BTC","2019-08-25 00:00:00","10139.00","-207.00","-2.00","3"
"BTC","2019-09-01 00:00:00","9758.00","-381.00","-3.76","3"
"BTC","2019-09-08 00:00:00","10441.00","683.00","7.00","3"
"BTC","2019-09-15 00:00:00","10348.00","-93.00","-0.89","3"
"BTC","2019-09-22 00:00:00","10070.00","-278.00","-2.69","2"
"BTC","2019-09-29 00:00:00","8104.00","-1966.00","-19.52","1"
"BTC","2019-10-06 00:00:00","7988.00","-116.00","-1.43","1"
"BTC","2019-10-13 00:00:00","8321.00","333.00","4.17","2"
"BTC","2019-10-20 00:00:00","8222.00","-99.00","-1.19","2"
"BTC","2019-10-27 00:00:00","9552.00","1330.00","16.18","2"
"BTC","2019-11-03 00:00:00","9235.00","-317.00","-3.32","2"
"BTC","2019-11-10 00:00:00","9056.00","-179.00","-1.94","2"
"BTC","2019-11-17 00:00:00","8578.00","-478.00","-5.28","2"
"BTC","2019-11-24 00:00:00","7048.00","-1530.00","-17.84","2"
"BTC","2019-12-01 00:00:00","7424.00","376.00","5.33","2"
"BTC","2019-12-08 00:00:00","7564.00","140.00","1.89","3"
"BTC","2019-12-15 00:00:00","7152.00","-412.00","-5.45","2"
"BTC","2019-12-22 00:00:00","7512.00","360.00","5.03","3"
"BTC","2019-12-29 00:00:00","7423.00","-89.00","-1.18","3"
"BTC","2020-01-05 00:00:00","7411.00","-12.00","-0.16","3"
"BTC","2020-01-12 00:00:00","8192.00","781.00","10.54","4"
"BTC","2020-01-19 00:00:00","8706.00","514.00","6.27","4"
"BTC","2020-01-26 00:00:00","8597.00","-109.00","-1.25","3"
"BTC","2020-02-02 00:00:00","9344.00","747.00","8.69","4"
"BTC","2020-02-09 00:00:00","10117.00","773.00","8.27","4"
"BTC","2020-02-16 00:00:00","9934.00","-183.00","-1.81","4"
"BTC","2020-02-23 00:00:00","9925.00","-9.00","-0.09","4"
"BTC","2020-03-01 00:00:00","8562.00","-1363.00","-13.73","3"
"BTC","2020-03-08 00:00:00","8108.00","-454.00","-5.30","2"
"BTC","2020-03-15 00:00:00","5392.00","-2716.00","-33.50","2"
"BTC","2020-03-22 00:00:00","5830.00","438.00","8.12","2"
"BTC","2020-03-29 00:00:00","5922.00","92.00","1.58","2"
"BTC","2020-04-05 00:00:00","6791.00","869.00","14.67","3"
"BTC","2020-04-12 00:00:00","6971.00","180.00","2.65","4"
"BTC","2020-04-19 00:00:00","7189.00","218.00","3.13","5"
"BTC","2020-04-26 00:00:00","7680.00","491.00","6.83","6"
"BTC","2020-05-03 00:00:00","8897.00","1217.00","15.85","7"
"BTC","2020-05-10 00:00:00","8756.00","-141.00","-1.58","6"
"BTC","2020-05-17 00:00:00","9671.00","915.00","10.45","6"
"BTC","2020-05-24 00:00:00","8790.00","-881.00","-9.11","5"
"BTC","2020-05-31 00:00:00","9461.00","671.00","7.63","5"
"BTC","2020-06-07 00:00:00","9759.00","298.00","3.15","5"
"BTC","2020-06-14 00:00:00","9387.00","-372.00","-3.81","4"
"BTC","2020-06-21 00:00:00","9304.00","-83.00","-0.88","3"
"BTC","2020-06-28 00:00:00","9144.00","-160.00","-1.72","3"
"BTC","2020-07-05 00:00:00","9074.00","-70.00","-0.77","2"
"BTC","2020-07-12 00:00:00","9276.00","202.00","2.23","3"
"BTC","2020-07-19 00:00:00","9186.00","-90.00","-0.97","2"
"BTC","2020-07-26 00:00:00","9905.00","719.00","7.83","2"
"BTC","2020-08-02 00:00:00","11054.00","1149.00","11.60","3"
"BTC","2020-08-09 00:00:00","11676.00","622.00","5.63","4"
"BTC","2020-08-16 00:00:00","11898.00","222.00","1.90","5"
"BTC","2020-08-23 00:00:00","11678.00","-220.00","-1.85","5"
"BTC","2020-08-30 00:00:00","11458.00","-220.00","-1.88","4"
"BTC","2020-09-06 00:00:00","10272.00","-1186.00","-10.35","4"
"BTC","2020-09-13 00:00:00","10335.00","63.00","0.61","4"
"BTC","2020-09-20 00:00:00","10934.00","599.00","5.80","4"
"BTC","2020-09-27 00:00:00","10775.00","-159.00","-1.45","3"
"BTC","2020-10-04 00:00:00","10670.00","-105.00","-0.97","2"
"BTC","2020-10-11 00:00:00","11384.00","714.00","6.69","3"
"BTC","2020-10-18 00:00:00","11483.00","99.00","0.87","4"
"BTC","2020-10-25 00:00:00","13031.00","1548.00","13.48","5"
"BTC","2020-11-01 00:00:00","13737.00","706.00","5.42","5"
"BTC","2020-11-08 00:00:00","15480.00","1743.00","12.69","5"
"BTC","2020-11-15 00:00:00","15956.00","476.00","3.07","6"
"BTC","2020-11-22 00:00:00","18370.00","2414.00","15.13","7"
"BTC","2020-11-29 00:00:00","18177.00","-193.00","-1.05","6"
"BTC","2020-12-06 00:00:00","19345.00","1168.00","6.43","6"
"BTC","2020-12-13 00:00:00","19142.00","-203.00","-1.05","5"
"BTC","2020-12-20 00:00:00","23477.00","4335.00","22.65","5"
"BTC","2020-12-27 00:00:00","26272.00","2795.00","11.91","5"
"BTC","2021-01-03 00:00:00","32782.00","6510.00","24.78","5"
"BTC","2021-01-10 00:00:00","38356.00","5574.00","17.00","5"
"BTC","2021-01-17 00:00:00","35791.00","-2565.00","-6.69","5"
"BTC","2021-01-24 00:00:00","32289.00","-3502.00","-9.78","4"
"BTC","2021-01-31 00:00:00","33114.00","825.00","2.56","5"
"BTC","2021-02-07 00:00:00","38903.00","5789.00","17.48","5"
"BTC","2021-02-14 00:00:00","48717.00","9814.00","25.23","5"
"BTC","2021-02-21 00:00:00","57540.00","8823.00","18.11","5"
"BTC","2021-02-28 00:00:00","45138.00","-12402.00","-21.55","4"
"BTC","2021-03-07 00:00:00","51207.00","6069.00","13.45","5"
"BTC","2021-03-14 00:00:00","59302.00","8095.00","15.81","6"
"BTC","2021-03-21 00:00:00","57523.00","-1779.00","-3.00","5"
"BTC","2021-03-28 00:00:00","55951.00","-1572.00","-2.73","4"
"BTC","2021-04-04 00:00:00","58759.00","2808.00","5.02","4"
"BTC","2021-04-11 00:00:00","60205.00","1446.00","2.46","4"
"BTC","2021-04-18 00:00:00","56216.00","-3989.00","-6.63","4"
"BTC","2021-04-25 00:00:00","49004.00","-7212.00","-12.83","3"
"BTC","2021-05-02 00:00:00","56631.00","7627.00","15.56","3"
"BTC","2021-05-09 00:00:00","58232.00","1601.00","2.83","4"
"BTC","2021-05-16 00:00:00","46456.00","-11776.00","-20.22","4"
"BTC","2021-05-23 00:00:00","34771.00","-11685.00","-25.15","3"
"BTC","2021-05-30 00:00:00","35678.00","907.00","2.61","3"
"BTC","2021-06-06 00:00:00","35862.00","184.00","0.52","4"
"BTC","2021-06-13 00:00:00","39098.00","3236.00","9.02","5"
"BTC","2021-06-20 00:00:00","35698.00","-3400.00","-8.70","4"
"BTC","2021-06-27 00:00:00","34650.00","-1048.00","-2.94","3"
"BTC","2021-07-04 00:00:00","35288.00","638.00","1.84","4"
"BTC","2021-07-11 00:00:00","34240.00","-1048.00","-2.97","4"
"BTC","2021-07-18 00:00:00","31797.00","-2443.00","-7.13","3"
"BTC","2021-07-25 00:00:00","35350.00","3553.00","11.17","3"
"BTC","2021-08-01 00:00:00","39975.00","4625.00","13.08","3"
"BTC","2021-08-08 00:00:00","43798.00","3823.00","9.56","4"
"BTC","2021-08-15 00:00:00","47047.00","3249.00","7.42","5"
"BTC","2021-08-22 00:00:00","49322.00","2275.00","4.84","5"
"BTC","2021-08-29 00:00:00","48830.00","-492.00","-1.00","5"
"BTC","2021-09-05 00:00:00","51753.00","2923.00","5.99","6"
"BTC","2021-09-12 00:00:00","46063.00","-5690.00","-10.99","5"
"BTC","2021-09-19 00:00:00","47260.00","1197.00","2.60","5"
"BTC","2021-09-26 00:00:00","43209.00","-4051.00","-8.57","4"
"BTC","2021-10-03 00:00:00","48200.00","4991.00","11.55","4"
"BTC","2021-10-10 00:00:00","54772.00","6572.00","13.63","4"
"BTC","2021-10-17 00:00:00","61554.00","6782.00","12.38","5"
"BTC","2021-10-24 00:00:00","60931.00","-623.00","-1.01","4"
"BTC","2021-10-31 00:00:00","61319.00","388.00","0.64","5"
"BTC","2021-11-07 00:00:00","63327.00","2008.00","3.27","5"
"BTC","2021-11-14 00:00:00","65467.00","2140.00","3.38","6"
"BTC","2021-11-21 00:00:00","58730.00","-6737.00","-10.29","5"
"BTC","2021-11-28 00:00:00","57248.00","-1482.00","-2.52","4"
"BTC","2021-12-05 00:00:00","49369.00","-7879.00","-13.76","3"
"BTC","2021-12-12 00:00:00","50098.00","729.00","1.48","4"
"BTC","2021-12-19 00:00:00","46707.00","-3391.00","-6.77","3"
"BTC","2021-12-26 00:00:00","50810.00","4103.00","8.78","3"
"BTC","2022-01-02 00:00:00","47345.00","-3465.00","-6.82","2"
"BTC","2022-01-09 00:00:00","41912.00","-5433.00","-11.48","2"
"BTC","2022-01-16 00:00:00","43114.00","1202.00","2.87","3"
"BTC","2022-01-23 00:00:00","36277.00","-6837.00","-15.86","3"
"BTC","2022-01-30 00:00:00","37918.00","1641.00","4.52","3"
"BTC","2022-02-06 00:00:00","42412.00","4494.00","11.85","4"
"BTC","2022-02-13 00:00:00","42198.00","-214.00","-0.50","3"
"BTC","2022-02-20 00:00:00","38431.00","-3767.00","-8.93","3"
"BTC","2022-02-27 00:00:00","37710.00","-721.00","-1.88","3"
"BTC","2022-03-06 00:00:00","38420.00","710.00","1.88","3"
"BTC","2022-03-13 00:00:00","37850.00","-570.00","-1.48","3"
"BTC","2022-03-20 00:00:00","41248.00","3398.00","8.98","3"
"BTC","2022-03-27 00:00:00","46820.00","5572.00","13.51","3"
"BTC","2022-04-03 00:00:00","46454.00","-366.00","-0.78","3"
"BTC","2022-04-10 00:00:00","42208.00","-4246.00","-9.14","3"
"BTC","2022-04-17 00:00:00","39717.00","-2491.00","-5.90","3"
"BTC","2022-04-24 00:00:00","39469.00","-248.00","-0.62","2"
"BTC","2022-05-01 00:00:00","38469.00","-1000.00","-2.53","2"
"BTC","2022-05-08 00:00:00","34059.00","-4410.00","-11.46","1"
"BTC","2022-05-15 00:00:00","31305.00","-2754.00","-8.09","0"
"BTC","2022-05-22 00:00:00","30324.00","-981.00","-3.13","0"
"BTC","2022-05-29 00:00:00","29446.00","-878.00","-2.90","0"
"BTC","2022-06-05 00:00:00","29907.00","461.00","1.57","1"
"BTC","2022-06-12 00:00:00","26763.00","-3144.00","-10.51","1"
"BTC","2022-06-19 00:00:00","20553.00","-6210.00","-23.20","1"
"BTC","2022-06-26 00:00:00","21027.00","474.00","2.31","2"
"BTC","2022-07-03 00:00:00","19297.00","-1730.00","-8.23","2"
"BTC","2022-07-10 00:00:00","20860.00","1563.00","8.10","3"
"BTC","2022-07-17 00:00:00","20779.00","-81.00","-0.39","3"
"BTC","2022-07-24 00:00:00","22609.00","1830.00","8.81","3"
"BTC","2022-07-31 00:00:00","23337.00","728.00","3.22","4"
"BTC","2022-08-07 00:00:00","23176.00","-161.00","-0.69","4"
"BTC","2022-08-14 00:00:00","24319.00","1143.00","4.93","4"
"BTC","2022-08-21 00:00:00","21534.00","-2785.00","-11.45","4"
"BTC","2022-08-28 00:00:00","19617.00","-1917.00","-8.90","3"
"BTC","2022-09-04 00:00:00","19987.00","370.00","1.89","4"
"BTC","2022-09-11 00:00:00","21769.00","1782.00","8.92","4"
"BTC","2022-09-18 00:00:00","19420.00","-2349.00","-10.79","3"
"BTC","2022-09-25 00:00:00","18802.00","-618.00","-3.18","3"
"BTC","2022-10-02 00:00:00","19044.00","242.00","1.29","3"
"BTC","2022-10-09 00:00:00","19446.00","402.00","2.11","4"
"BTC","2022-10-16 00:00:00","19268.00","-178.00","-0.92","4"
"BTC","2022-10-23 00:00:00","19567.00","299.00","1.55","4"
"BTC","2022-10-30 00:00:00","20636.00","1069.00","5.46","4"
"BTC","2022-11-06 00:00:00","20926.00","290.00","1.41","5"
"BTC","2022-11-13 00:00:00","16353.00","-4573.00","-21.85","5"
"BTC","2022-11-20 00:00:00","16292.00","-61.00","-0.37","4"
"BTC","2022-11-27 00:00:00","16445.00","153.00","0.94","4"
"BTC","2022-12-04 00:00:00","17130.00","685.00","4.17","5"
"BTC","2022-12-11 00:00:00","17104.00","-26.00","-0.15","4"
"BTC","2022-12-18 00:00:00","16758.00","-346.00","-2.02","3"
"BTC","2022-12-25 00:00:00","16842.00","84.00","0.50","3"
"BTC","2023-01-01 00:00:00","16625.00","-217.00","-1.29","3"
"BTC","2023-01-08 00:00:00","17091.00","466.00","2.80","4"
"BTC","2023-01-15 00:00:00","20881.00","3790.00","22.18","4"
"BTC","2023-01-22 00:00:00","22720.00","1839.00","8.81","4"
"BTC","2023-01-29 00:00:00","23775.00","1055.00","4.64","5"
"BTC","2023-02-05 00:00:00","22956.00","-819.00","-3.44","5"
"BTC","2023-02-12 00:00:00","21788.00","-1168.00","-5.09","4"
"BTC","2023-02-19 00:00:00","24328.00","2540.00","11.66","5"
"BTC","2023-02-26 00:00:00","23561.00","-767.00","-3.15","4"
"BTC","2023-03-05 00:00:00","22436.00","-1125.00","-4.77","3"
"BTC","2023-03-12 00:00:00","22164.00","-272.00","-1.21","2"
"BTC","2023-03-19 00:00:00","28039.00","5875.00","26.51","2"
"BTC","2023-03-26 00:00:00","27994.00","-45.00","-0.16","2"
"BTC","2023-04-02 00:00:00","28199.00","205.00","0.73","3"
"BTC","2023-04-09 00:00:00","28333.00","134.00","0.48","3"
"BTC","2023-04-16 00:00:00","30315.00","1982.00","7.00","4"
"BTC","2023-04-23 00:00:00","27591.00","-2724.00","-8.99","4"
"BTC","2023-04-30 00:00:00","29269.00","1678.00","6.08","5"
"BTC","2023-05-07 00:00:00","28455.00","-814.00","-2.78","4"
"BTC","2023-05-14 00:00:00","26931.00","-1524.00","-5.36","4"
"BTC","2023-05-21 00:00:00","26754.00","-177.00","-0.66","3"
"BTC","2023-05-28 00:00:00","28086.00","1332.00","4.98","3"
"BTC","2023-06-04 00:00:00","27119.00","-967.00","-3.44","2"
"BTC","2023-06-11 00:00:00","25940.00","-1179.00","-4.35","2"
"BTC","2023-06-18 00:00:00","26336.00","396.00","1.53","2"
"BTC","2023-06-25 00:00:00","30480.00","4144.00","15.74","3"
"BTC","2023-07-02 00:00:00","30621.00","141.00","0.46","4"
"BTC","2023-07-09 00:00:00","30171.00","-450.00","-1.47","4"
"BTC","2023-07-16 00:00:00","30249.00","78.00","0.26","4"
"BTC","2023-07-23 00:00:00","30085.00","-164.00","-0.54","4"
"BTC","2023-07-30 00:00:00","29275.00","-810.00","-2.69","4"
"BTC","2023-08-06 00:00:00","29042.00","-233.00","-0.80","3"
"BTC","2023-08-13 00:00:00","29283.00","241.00","0.83","3"
"BTC","2023-08-20 00:00:00","26190.00","-3093.00","-10.56","2"
"BTC","2023-08-27 00:00:00","26090.00","-100.00","-0.38","2"
"BTC","2023-09-03 00:00:00","25970.00","-120.00","-0.46","1"
"BTC","2023-09-10 00:00:00","25832.00","-138.00","-0.53","1"
"BTC","2023-09-17 00:00:00","26534.00","702.00","2.72","2"
"BTC","2023-09-24 00:00:00","26257.00","-277.00","-1.04","2"
"BTC","2023-10-01 00:00:00","27984.00","1727.00","6.58","2"
"BTC","2023-10-08 00:00:00","27935.00","-49.00","-0.18","2"
"BTC","2023-10-15 00:00:00","27160.00","-775.00","-2.77","2"
"BTC","2023-10-22 00:00:00","29994.00","2834.00","10.43","3"
"BTC","2023-10-29 00:00:00","34538.00","4544.00","15.15","4"
"BTC","2023-11-05 00:00:00","35049.00","511.00","1.48","4"
"BTC","2023-11-12 00:00:00","37055.00","2006.00","5.72","5"
"BTC","2023-11-19 00:00:00","37387.00","332.00","0.90","5"
"BTC","2023-11-26 00:00:00","37479.00","92.00","0.25","6"
"BTC","2023-12-03 00:00:00","39978.00","2499.00","6.67","7"
"BTC","2023-12-10 00:00:00","43780.00","3802.00","9.51","7"
"BTC","2023-12-17 00:00:00","41365.00","-2415.00","-5.52","6"
"BTC","2023-12-24 00:00:00","43016.00","1651.00","3.99","6"
"BTC","2023-12-31 00:00:00","42265.00","-751.00","-1.75","5"
"BTC","2024-01-07 00:00:00","43943.00","1678.00","3.97","5"
"BTC","2024-01-14 00:00:00","41796.00","-2147.00","-4.89","4"
"BTC","2024-01-21 00:00:00","41546.00","-250.00","-0.60","3"
"BTC","2024-01-28 00:00:00","42036.00","490.00","1.18","3"
"BTC","2024-02-04 00:00:00","42584.00","548.00","1.30","4"
"BTC","2024-02-11 00:00:00","48294.00","5710.00","13.41","4"
"BTC","2024-02-18 00:00:00","52123.00","3829.00","7.93","5"
"BTC","2024-02-25 00:00:00","51733.00","-390.00","-0.75","4"
"BTC","2024-03-03 00:00:00","63167.00","11434.00","22.10","5"
"BTC","2024-03-10 00:00:00","69020.00","5853.00","9.27","6"
"BTC","2024-03-17 00:00:00","68391.00","-629.00","-0.91","5"
"BTC","2024-03-24 00:00:00","67234.00","-1157.00","-1.69","4"
"BTC","2024-03-31 00:00:00","71334.00","4100.00","6.10","4"
"BTC","2024-04-07 00:00:00","69363.00","-1971.00","-2.76","3"
"BTC","2024-04-14 00:00:00","65739.00","-3624.00","-5.22","3"
"BTC","2024-04-21 00:00:00","64927.00","-812.00","-1.24","2"
"BTC","2024-04-28 00:00:00","63113.00","-1814.00","-2.79","1"
"BTC","2024-05-05 00:00:00","64031.00","918.00","1.45","2"
"BTC","2024-05-12 00:00:00","61448.00","-2583.00","-4.03","2"
"BTC","2024-05-19 00:00:00","66278.00","4830.00","7.86","2"
"BTC","2024-05-26 00:00:00","68518.00","2240.00","3.38","3"
"BTC","2024-06-02 00:00:00","67752.00","-766.00","-1.12","3"
"BTC","2024-06-09 00:00:00","69648.00","1896.00","2.80","4"
"BTC","2024-06-16 00:00:00","66639.00","-3009.00","-4.32","4"
"BTC","2024-06-23 00:00:00","63181.00","-3458.00","-5.19","3"
"BTC","2024-06-30 00:00:00","62678.00","-503.00","-0.80","3"
"BTC","2024-07-07 00:00:00","55849.00","-6829.00","-10.90","2"
"BTC","2024-07-14 00:00:00","60788.00","4939.00","8.84","2"
"BTC","2024-07-21 00:00:00","68155.00","7367.00","12.12","3"
"BTC","2024-07-28 00:00:00","68256.00","101.00","0.15","3"
"BTC","2024-08-04 00:00:00","58117.00","-10139.00","-14.85","3"
"BTC","2024-08-11 00:00:00","58719.00","602.00","1.04","4"
"BTC","2024-08-18 00:00:00","58484.00","-235.00","-0.40","4"
"BTC","2024-08-25 00:00:00","64334.00","5850.00","10.00","5"
"BTC","2024-09-01 00:00:00","57325.00","-7009.00","-10.89","4"
"BTC","2024-09-08 00:00:00","54842.00","-2483.00","-4.33","3"
"BTC","2024-09-15 00:00:00","59183.00","4341.00","7.92","3"
"BTC","2024-09-22 00:00:00","63649.00","4466.00","7.55","4"
"BTC","2024-09-29 00:00:00","65635.00","1986.00","3.12","4"
"BTC","2024-10-06 00:00:00","62819.00","-2816.00","-4.29","4"
"BTC","2024-10-13 00:00:00","62851.00","32.00","0.05","4"
"BTC","2024-10-20 00:00:00","69002.00","6151.00","9.79","5"
"BTC","2024-10-27 00:00:00","67929.00","-1073.00","-1.56","5"
"BTC","2024-11-03 00:00:00","68741.00","812.00","1.20","5"
"BTC","2024-11-10 00:00:00","80474.00","11733.00","17.07","5"
"BTC","2024-11-17 00:00:00","89846.00","9372.00","11.65","5"
"BTC","2024-11-24 00:00:00","98014.00","8168.00","9.09","6"
"BTC","2024-12-01 00:00:00","97280.00","-734.00","-0.75","5"
"BTC","2024-12-08 00:00:00","101236.00","3956.00","4.07","5"
"BTC","2024-12-15 00:00:00","104299.00","3063.00","3.03","6"
"BTC","2024-12-22 00:00:00","95105.00","-9194.00","-8.82","5"
"BTC","2024-12-29 00:00:00","93530.00","-1575.00","-1.66","4"
"ETH","2017-05-14 00:00:00","91.00","0.00","0.00","0"
"ETH","2017-05-21 00:00:00","158.00","67.00","73.63","1"
"ETH","2017-05-28 00:00:00","171.00","13.00","8.23","2"
"ETH","2017-06-04 00:00:00","245.00","74.00","43.27","3"
"ETH","2017-06-11 00:00:00","341.00","96.00","39.18","4"
"ETH","2017-06-18 00:00:00","371.00","30.00","8.80","5"
"ETH","2017-06-25 00:00:00","303.00","-68.00","-18.33","5"
"ETH","2017-07-02 00:00:00","288.00","-15.00","-4.95","5"
"ETH","2017-07-09 00:00:00","242.00","-46.00","-15.97","4"
"ETH","2017-07-16 00:00:00","157.00","-85.00","-35.12","3"
"ETH","2017-07-23 00:00:00","226.00","69.00","43.95","3"
"ETH","2017-07-30 00:00:00","198.00","-28.00","-12.39","2"
"ETH","2017-08-06 00:00:00","262.00","64.00","32.32","2"
"ETH","2017-08-13 00:00:00","298.00","36.00","13.74","3"
"ETH","2017-08-20 00:00:00","301.00","3.00","1.01","4"
"ETH","2017-08-27 00:00:00","348.00","47.00","15.61","5"
"ETH","2017-09-03 00:00:00","347.00","-1.00","-0.29","5"
"ETH","2017-09-10 00:00:00","289.00","-58.00","-16.71","4"
"ETH","2017-09-17 00:00:00","252.00","-37.00","-12.80","4"
"ETH","2017-09-24 00:00:00","282.00","30.00","11.90","4"
"ETH","2017-10-01 00:00:00","302.00","20.00","7.09","4"
"ETH","2017-10-08 00:00:00","309.00","7.00","2.32","4"
"ETH","2017-10-15 00:00:00","337.00","28.00","9.06","4"
"ETH","2017-10-22 00:00:00","295.00","-42.00","-12.46","4"
"ETH","2017-10-29 00:00:00","305.00","10.00","3.39","5"
"ETH","2017-11-05 00:00:00","296.00","-9.00","-2.95","5"
"ETH","2017-11-12 00:00:00","308.00","12.00","4.05","5"
"ETH","2017-11-19 00:00:00","354.00","46.00","14.94","5"
"ETH","2017-11-26 00:00:00","471.00","117.00","33.05","5"
"ETH","2017-12-03 00:00:00","466.00","-5.00","-1.06","4"
"ETH","2017-12-10 00:00:00","442.00","-24.00","-5.15","4"
"ETH","2017-12-17 00:00:00","720.00","278.00","62.90","4"
"ETH","2017-12-24 00:00:00","694.00","-26.00","-3.61","4"
"ETH","2017-12-31 00:00:00","757.00","63.00","9.08","4"
"ETH","2018-01-07 00:00:00","1153.00","396.00","52.31","4"
"ETH","2018-01-14 00:00:00","1367.00","214.00","18.56","4"
"ETH","2018-01-21 00:00:00","1050.00","-317.00","-23.19","4"
"ETH","2018-01-28 00:00:00","1246.00","196.00","18.67","5"
"ETH","2018-02-04 00:00:00","835.00","-411.00","-32.99","4"
"ETH","2018-02-11 00:00:00","815.00","-20.00","-2.40","4"
"ETH","2018-02-18 00:00:00","924.00","109.00","13.37","4"
"ETH","2018-02-25 00:00:00","845.00","-79.00","-8.55","3"
"ETH","2018-03-04 00:00:00","867.00","22.00","2.60","3"
"ETH","2018-03-11 00:00:00","723.00","-144.00","-16.61","3"
"ETH","2018-03-18 00:00:00","539.00","-184.00","-25.45","2"
"ETH","2018-03-25 00:00:00","524.00","-15.00","-2.78","2"
"ETH","2018-04-01 00:00:00","380.00","-144.00","-27.48","2"
"ETH","2018-04-08 00:00:00","401.00","21.00","5.53","2"
"ETH","2018-04-15 00:00:00","532.00","131.00","32.67","3"
"ETH","2018-04-22 00:00:00","622.00","90.00","16.92","3"
"ETH","2018-04-29 00:00:00","689.00","67.00","10.77","4"
"ETH","2018-05-06 00:00:00","792.00","103.00","14.95","5"
"ETH","2018-05-13 00:00:00","733.00","-59.00","-7.45","5"
"ETH","2018-05-20 00:00:00","715.00","-18.00","-2.46","5"
"ETH","2018-05-27 00:00:00","573.00","-142.00","-19.86","4"
"ETH","2018-06-03 00:00:00","618.00","45.00","7.85","4"
"ETH","2018-06-10 00:00:00","526.00","-92.00","-14.89","3"
"ETH","2018-06-17 00:00:00","500.00","-26.00","-4.94","2"
"ETH","2018-06-24 00:00:00","458.00","-42.00","-8.40","1"
"ETH","2018-07-01 00:00:00","454.00","-4.00","-0.87","1"
"ETH","2018-07-08 00:00:00","489.00","35.00","7.71","2"
"ETH","2018-07-15 00:00:00","450.00","-39.00","-7.98","2"
"ETH","2018-07-22 00:00:00","460.00","10.00","2.22","2"
"ETH","2018-07-29 00:00:00","467.00","7.00","1.52","3"
"ETH","2018-08-05 00:00:00","411.00","-56.00","-11.99","3"
"ETH","2018-08-12 00:00:00","320.00","-91.00","-22.14","3"
"ETH","2018-08-19 00:00:00","301.00","-19.00","-5.94","3"
"ETH","2018-08-26 00:00:00","275.00","-26.00","-8.64","2"
"ETH","2018-09-02 00:00:00","294.00","19.00","6.91","3"
"ETH","2018-09-09 00:00:00","197.00","-97.00","-32.99","2"
"ETH","2018-09-16 00:00:00","221.00","24.00","12.18","2"
"ETH","2018-09-23 00:00:00","244.00","23.00","10.41","3"
"ETH","2018-09-30 00:00:00","233.00","-11.00","-4.51","3"
"ETH","2018-10-07 00:00:00","226.00","-7.00","-3.00","3"
"ETH","2018-10-14 00:00:00","196.00","-30.00","-13.27","3"
"ETH","2018-10-21 00:00:00","205.00","9.00","4.59","3"
"ETH","2018-10-28 00:00:00","205.00","0.00","0.00","3"
"ETH","2018-11-04 00:00:00","207.00","2.00","0.98","3"
"ETH","2018-11-11 00:00:00","211.00","4.00","1.93","3"
"ETH","2018-11-18 00:00:00","177.00","-34.00","-16.11","3"
"ETH","2018-11-25 00:00:00","116.00","-61.00","-34.46","3"
"ETH","2018-12-02 00:00:00","116.00","0.00","0.00","3"
"ETH","2018-12-09 00:00:00","95.00","-21.00","-18.10","2"
"ETH","2018-12-16 00:00:00","85.00","-10.00","-10.53","2"
"ETH","2018-12-23 00:00:00","131.00","46.00","54.12","2"
"ETH","2018-12-30 00:00:00","140.00","9.00","6.87","2"
"ETH","2019-01-06 00:00:00","158.00","18.00","12.86","3"
"ETH","2019-01-13 00:00:00","117.00","-41.00","-25.95","3"
"ETH","2019-01-20 00:00:00","119.00","2.00","1.71","4"
"ETH","2019-01-27 00:00:00","113.00","-6.00","-5.04","4"
"ETH","2019-02-03 00:00:00","107.00","-6.00","-5.31","4"
"ETH","2019-02-10 00:00:00","125.00","18.00","16.82","4"
"ETH","2019-02-17 00:00:00","134.00","9.00","7.20","4"
"ETH","2019-02-24 00:00:00","136.00","2.00","1.49","4"
"ETH","2019-03-03 00:00:00","132.00","-4.00","-2.94","4"
"ETH","2019-03-10 00:00:00","137.00","5.00","3.79","4"
"ETH","2019-03-17 00:00:00","140.00","3.00","2.19","5"
"ETH","2019-03-24 00:00:00","137.00","-3.00","-2.14","5"
"ETH","2019-03-31 00:00:00","142.00","5.00","3.65","5"
"ETH","2019-04-07 00:00:00","175.00","33.00","23.24","5"
"ETH","2019-04-14 00:00:00","168.00","-7.00","-4.00","4"
"ETH","2019-04-21 00:00:00","170.00","2.00","1.19","5"
"ETH","2019-04-28 00:00:00","157.00","-13.00","-7.65","4"
"ETH","2019-05-05 00:00:00","163.00","6.00","3.82","4"
"ETH","2019-05-12 00:00:00","187.00","24.00","14.72","5"
"ETH","2019-05-19 00:00:00","261.00","74.00","39.57","5"
"ETH","2019-05-26 00:00:00","267.00","6.00","2.30","5"
"ETH","2019-06-02 00:00:00","270.00","3.00","1.12","6"
"ETH","2019-06-09 00:00:00","233.00","-37.00","-13.70","5"
"ETH","2019-06-16 00:00:00","269.00","36.00","15.45","6"
"ETH","2019-06-23 00:00:00","308.00","39.00","14.50","6"
"ETH","2019-06-30 00:00:00","291.00","-17.00","-5.52","5"
"ETH","2019-07-07 00:00:00","306.00","15.00","5.15","5"
"ETH","2019-07-14 00:00:00","228.00","-78.00","-25.49","4"
"ETH","2019-07-21 00:00:00","226.00","-2.00","-0.88","3"
"ETH","2019-07-28 00:00:00","211.00","-15.00","-6.64","3"
"ETH","2019-08-04 00:00:00","223.00","12.00","5.69","3"
"ETH","2019-08-11 00:00:00","216.00","-7.00","-3.14","2"
"ETH","2019-08-18 00:00:00","194.00","-22.00","-10.19","2"
"ETH","2019-08-25 00:00:00","187.00","-7.00","-3.61","1"
"ETH","2019-09-01 00:00:00","172.00","-15.00","-8.02","1"
"ETH","2019-09-08 00:00:00","181.00","9.00","5.23","2"
"ETH","2019-09-15 00:00:00","190.00","9.00","4.97","3"
"ETH","2019-09-22 00:00:00","212.00","22.00","11.58","3"
"ETH","2019-09-29 00:00:00","171.00","-41.00","-19.34","3"
"ETH","2019-10-06 00:00:00","173.00","2.00","1.17","4"
"ETH","2019-10-13 00:00:00","182.00","9.00","5.20","5"
"ETH","2019-10-20 00:00:00","176.00","-6.00","-3.30","5"
"ETH","2019-10-27 00:00:00","184.00","8.00","4.55","5"
"ETH","2019-11-03 00:00:00","182.00","-2.00","-1.09","4"
"ETH","2019-11-10 00:00:00","189.00","7.00","3.85","4"
"ETH","2019-11-17 00:00:00","185.00","-4.00","-2.12","4"
"ETH","2019-11-24 00:00:00","143.00","-42.00","-22.70","3"
"ETH","2019-12-01 00:00:00","151.00","8.00","5.59","3"
"ETH","2019-12-08 00:00:00","151.00","0.00","0.00","3"
"ETH","2019-12-15 00:00:00","143.00","-8.00","-5.30","2"
"ETH","2019-12-22 00:00:00","132.00","-11.00","-7.69","2"
"ETH","2019-12-29 00:00:00","135.00","3.00","2.27","2"
"ETH","2020-01-05 00:00:00","136.00","1.00","0.74","3"
"ETH","2020-01-12 00:00:00","146.00","10.00","7.35","4"
"ETH","2020-01-19 00:00:00","167.00","21.00","14.38","4"
"ETH","2020-01-26 00:00:00","168.00","1.00","0.60","5"
"ETH","2020-02-02 00:00:00","189.00","21.00","12.50","6"
"ETH","2020-02-09 00:00:00","229.00","40.00","21.16","7"
"ETH","2020-02-16 00:00:00","260.00","31.00","13.54","7"
"ETH","2020-02-23 00:00:00","274.00","14.00","5.38","7"
"ETH","2020-03-01 00:00:00","219.00","-55.00","-20.07","6"
"ETH","2020-03-08 00:00:00","201.00","-18.00","-8.22","5"
"ETH","2020-03-15 00:00:00","125.00","-76.00","-37.81","4"
"ETH","2020-03-22 00:00:00","123.00","-2.00","-1.60","3"
"ETH","2020-03-29 00:00:00","126.00","3.00","2.44","3"
"ETH","2020-04-05 00:00:00","144.00","18.00","14.29","3"
"ETH","2020-04-12 00:00:00","161.00","17.00","11.81","3"
"ETH","2020-04-19 00:00:00","182.00","21.00","13.04","4"
"ETH","2020-04-26 00:00:00","197.00","15.00","8.24","5"
"ETH","2020-05-03 00:00:00","211.00","14.00","7.11","6"
"ETH","2020-05-10 00:00:00","189.00","-22.00","-10.43","6"
"ETH","2020-05-17 00:00:00","207.00","18.00","9.52","6"
"ETH","2020-05-24 00:00:00","202.00","-5.00","-2.42","5"
"ETH","2020-05-31 00:00:00","231.00","29.00","14.36","5"
"ETH","2020-06-07 00:00:00","245.00","14.00","6.06","5"
"ETH","2020-06-14 00:00:00","234.00","-11.00","-4.49","4"
"ETH","2020-06-21 00:00:00","229.00","-5.00","-2.14","3"
"ETH","2020-06-28 00:00:00","225.00","-4.00","-1.75","3"
"ETH","2020-07-05 00:00:00","228.00","3.00","1.33","3"
"ETH","2020-07-12 00:00:00","242.00","14.00","6.14","4"
"ETH","2020-07-19 00:00:00","238.00","-4.00","-1.65","3"
"ETH","2020-07-26 00:00:00","310.00","72.00","30.25","3"
"ETH","2020-08-02 00:00:00","371.00","61.00","19.68","4"
"ETH","2020-08-09 00:00:00","391.00","20.00","5.39","5"
"ETH","2020-08-16 00:00:00","433.00","42.00","10.74","6"
"ETH","2020-08-23 00:00:00","394.00","-39.00","-9.01","5"
"ETH","2020-08-30 00:00:00","417.00","23.00","5.84","5"
"ETH","2020-09-06 00:00:00","355.00","-62.00","-14.87","5"
"ETH","2020-09-13 00:00:00","366.00","11.00","3.10","5"
"ETH","2020-09-20 00:00:00","372.00","6.00","1.64","5"
"ETH","2020-09-27 00:00:00","357.00","-15.00","-4.03","4"
"ETH","2020-10-04 00:00:00","353.00","-4.00","-1.12","3"
"ETH","2020-10-11 00:00:00","375.00","22.00","6.23","4"
"ETH","2020-10-18 00:00:00","378.00","3.00","0.80","4"
"ETH","2020-10-25 00:00:00","406.00","28.00","7.41","5"
"ETH","2020-11-01 00:00:00","396.00","-10.00","-2.46","4"
"ETH","2020-11-08 00:00:00","454.00","58.00","14.65","4"
"ETH","2020-11-15 00:00:00","448.00","-6.00","-1.32","4"
"ETH","2020-11-22 00:00:00","558.00","110.00","24.55","5"
"ETH","2020-11-29 00:00:00","576.00","18.00","3.23","5"
"ETH","2020-12-06 00:00:00","602.00","26.00","4.51","5"
"ETH","2020-12-13 00:00:00","590.00","-12.00","-1.99","4"
"ETH","2020-12-20 00:00:00","638.00","48.00","8.14","5"
"ETH","2020-12-27 00:00:00","683.00","45.00","7.05","5"
"ETH","2021-01-03 00:00:00","976.00","293.00","42.90","6"
"ETH","2021-01-10 00:00:00","1262.00","286.00","29.30","6"
"ETH","2021-01-17 00:00:00","1230.00","-32.00","-2.54","5"
"ETH","2021-01-24 00:00:00","1392.00","162.00","13.17","5"
"ETH","2021-01-31 00:00:00","1315.00","-77.00","-5.53","5"
"ETH","2021-02-07 00:00:00","1614.00","299.00","22.74","5"
"ETH","2021-02-14 00:00:00","1805.00","191.00","11.83","5"
"ETH","2021-02-21 00:00:00","1936.00","131.00","7.26","5"
"ETH","2021-02-28 00:00:00","1416.00","-520.00","-26.86","4"
"ETH","2021-03-07 00:00:00","1723.00","307.00","21.68","5"
"ETH","2021-03-14 00:00:00","1855.00","132.00","7.66","5"
"ETH","2021-03-21 00:00:00","1788.00","-67.00","-3.61","5"
"ETH","2021-03-28 00:00:00","1691.00","-97.00","-5.43","4"
"ETH","2021-04-04 00:00:00","2093.00","402.00","23.77","4"
"ETH","2021-04-11 00:00:00","2158.00","65.00","3.11","4"
"ETH","2021-04-18 00:00:00","2237.00","79.00","3.66","5"
"ETH","2021-04-25 00:00:00","2316.00","79.00","3.53","5"
"ETH","2021-05-02 00:00:00","2952.00","636.00","27.46","5"
"ETH","2021-05-09 00:00:00","3929.00","977.00","33.10","6"
"ETH","2021-05-16 00:00:00","3588.00","-341.00","-8.68","6"
"ETH","2021-05-23 00:00:00","2110.00","-1478.00","-41.19","5"
"ETH","2021-05-30 00:00:00","2390.00","280.00","13.27","5"
"ETH","2021-06-06 00:00:00","2715.00","325.00","13.60","5"
"ETH","2021-06-13 00:00:00","2508.00","-207.00","-7.62","4"
"ETH","2021-06-20 00:00:00","2246.00","-262.00","-10.45","3"
"ETH","2021-06-27 00:00:00","1979.00","-267.00","-11.89","2"
"ETH","2021-07-04 00:00:00","2322.00","343.00","17.33","3"
"ETH","2021-07-11 00:00:00","2140.00","-182.00","-7.84","3"
"ETH","2021-07-18 00:00:00","1896.00","-244.00","-11.40","2"
"ETH","2021-07-25 00:00:00","2191.00","295.00","15.56","2"
"ETH","2021-08-01 00:00:00","2562.00","371.00","16.93","3"
"ETH","2021-08-08 00:00:00","3014.00","452.00","17.64","4"
"ETH","2021-08-15 00:00:00","3311.00","297.00","9.85","5"
"ETH","2021-08-22 00:00:00","3242.00","-69.00","-2.08","4"
"ETH","2021-08-29 00:00:00","3227.00","-15.00","-0.46","4"
"ETH","2021-09-05 00:00:00","3952.00","725.00","22.47","5"
"ETH","2021-09-12 00:00:00","3410.00","-542.00","-13.71","4"
"ETH","2021-09-19 00:00:00","3329.00","-81.00","-2.38","3"
"ETH","2021-09-26 00:00:00","3062.00","-267.00","-8.02","2"
"ETH","2021-10-03 00:00:00","3418.00","356.00","11.63","2"
"ETH","2021-10-10 00:00:00","3426.00","8.00","0.23","3"
"ETH","2021-10-17 00:00:00","3847.00","421.00","12.29","4"
"ETH","2021-10-24 00:00:00","4088.00","241.00","6.26","4"
"ETH","2021-10-31 00:00:00","4288.00","200.00","4.89","5"
"ETH","2021-11-07 00:00:00","4621.00","333.00","7.77","6"
"ETH","2021-11-14 00:00:00","4626.00","5.00","0.11","7"
"ETH","2021-11-21 00:00:00","4270.00","-356.00","-7.70","6"
"ETH","2021-11-28 00:00:00","4294.00","24.00","0.56","6"
"ETH","2021-12-05 00:00:00","4198.00","-96.00","-2.24","5"
"ETH","2021-12-12 00:00:00","4134.00","-64.00","-1.52","4"
"ETH","2021-12-19 00:00:00","3923.00","-211.00","-5.10","3"
"ETH","2021-12-26 00:00:00","4067.00","144.00","3.67","3"
"ETH","2022-01-02 00:00:00","3830.00","-237.00","-5.83","2"
"ETH","2022-01-09 00:00:00","3158.00","-672.00","-17.55","2"
"ETH","2022-01-16 00:00:00","3351.00","193.00","6.11","2"
"ETH","2022-01-23 00:00:00","2535.00","-816.00","-24.35","2"
"ETH","2022-01-30 00:00:00","2603.00","68.00","2.68","3"
"ETH","2022-02-06 00:00:00","3057.00","454.00","17.44","4"
"ETH","2022-02-13 00:00:00","2883.00","-174.00","-5.69","3"
"ETH","2022-02-20 00:00:00","2629.00","-254.00","-8.81","3"
"ETH","2022-02-27 00:00:00","2622.00","-7.00","-0.27","3"
"ETH","2022-03-06 00:00:00","2555.00","-67.00","-2.56","2"
"ETH","2022-03-13 00:00:00","2519.00","-36.00","-1.41","2"
"ETH","2022-03-20 00:00:00","2860.00","341.00","13.54","2"
"ETH","2022-03-27 00:00:00","3292.00","432.00","15.10","2"
"ETH","2022-04-03 00:00:00","3523.00","231.00","7.02","3"
"ETH","2022-04-10 00:00:00","3212.00","-311.00","-8.83","3"
"ETH","2022-04-17 00:00:00","2993.00","-219.00","-6.82","3"
"ETH","2022-04-24 00:00:00","2923.00","-70.00","-2.34","3"
"ETH","2022-05-01 00:00:00","2828.00","-95.00","-3.25","3"
"ETH","2022-05-08 00:00:00","2517.00","-311.00","-11.00","2"
"ETH","2022-05-15 00:00:00","2146.00","-371.00","-14.74","1"
"ETH","2022-05-22 00:00:00","2043.00","-103.00","-4.80","0"
"ETH","2022-05-29 00:00:00","1812.00","-231.00","-11.31","0"
"ETH","2022-06-05 00:00:00","1805.00","-7.00","-0.39","0"
"ETH","2022-06-12 00:00:00","1445.00","-360.00","-19.94","0"
"ETH","2022-06-19 00:00:00","1128.00","-317.00","-21.94","0"
"ETH","2022-06-26 00:00:00","1200.00","72.00","6.38","1"
"ETH","2022-07-03 00:00:00","1074.00","-126.00","-10.50","1"
"ETH","2022-07-10 00:00:00","1168.00","94.00","8.75","2"
"ETH","2022-07-17 00:00:00","1339.00","171.00","14.64","3"
"ETH","2022-07-24 00:00:00","1599.00","260.00","19.42","4"
"ETH","2022-07-31 00:00:00","1682.00","83.00","5.19","5"
"ETH","2022-08-07 00:00:00","1699.00","17.00","1.01","6"
"ETH","2022-08-14 00:00:00","1937.00","238.00","14.01","6"
"ETH","2022-08-21 00:00:00","1619.00","-318.00","-16.42","6"
"ETH","2022-08-28 00:00:00","1431.00","-188.00","-11.61","5"
"ETH","2022-09-04 00:00:00","1578.00","147.00","10.27","5"
"ETH","2022-09-11 00:00:00","1762.00","184.00","11.66","5"
"ETH","2022-09-18 00:00:00","1335.00","-427.00","-24.23","4"
"ETH","2022-09-25 00:00:00","1294.00","-41.00","-3.07","3"
"ETH","2022-10-02 00:00:00","1276.00","-18.00","-1.39","2"
"ETH","2022-10-09 00:00:00","1323.00","47.00","3.68","3"
"ETH","2022-10-16 00:00:00","1306.00","-17.00","-1.28","3"
"ETH","2022-10-23 00:00:00","1363.00","57.00","4.36","3"
"ETH","2022-10-30 00:00:00","1591.00","228.00","16.73","3"
"ETH","2022-11-06 00:00:00","1572.00","-19.00","-1.19","3"
"ETH","2022-11-13 00:00:00","1222.00","-350.00","-22.26","3"
"ETH","2022-11-20 00:00:00","1142.00","-80.00","-6.55","3"
"ETH","2022-11-27 00:00:00","1195.00","53.00","4.64","3"
"ETH","2022-12-04 00:00:00","1280.00","85.00","7.11","4"
"ETH","2022-12-11 00:00:00","1264.00","-16.00","-1.25","3"
"ETH","2022-12-18 00:00:00","1185.00","-79.00","-6.25","2"
"ETH","2022-12-25 00:00:00","1219.00","34.00","2.87","3"
"ETH","2023-01-01 00:00:00","1201.00","-18.00","-1.48","3"
"ETH","2023-01-08 00:00:00","1287.00","86.00","7.16","4"
"ETH","2023-01-15 00:00:00","1552.00","265.00","20.59","4"
"ETH","2023-01-22 00:00:00","1628.00","76.00","4.90","4"
"ETH","2023-01-29 00:00:00","1646.00","18.00","1.11","5"
"ETH","2023-02-05 00:00:00","1632.00","-14.00","-0.85","5"
"ETH","2023-02-12 00:00:00","1515.00","-117.00","-7.17","4"
"ETH","2023-02-19 00:00:00","1681.00","166.00","10.96","5"
"ETH","2023-02-26 00:00:00","1641.00","-40.00","-2.38","4"
"ETH","2023-03-05 00:00:00","1564.00","-77.00","-4.69","3"
"ETH","2023-03-12 00:00:00","1590.00","26.00","1.66","3"
"ETH","2023-03-19 00:00:00","1786.00","196.00","12.33","3"
"ETH","2023-03-26 00:00:00","1776.00","-10.00","-0.56","3"
"ETH","2023-04-02 00:00:00","1796.00","20.00","1.13","4"
"ETH","2023-04-09 00:00:00","1859.00","63.00","3.51","4"
"ETH","2023-04-16 00:00:00","2120.00","261.00","14.04","5"
"ETH","2023-04-23 00:00:00","1862.00","-258.00","-12.17","5"
"ETH","2023-04-30 00:00:00","1877.00","15.00","0.81","5"
"ETH","2023-05-07 00:00:00","1873.00","-4.00","-0.21","4"
"ETH","2023-05-14 00:00:00","1801.00","-72.00","-3.84","4"
"ETH","2023-05-21 00:00:00","1805.00","4.00","0.22","4"
"ETH","2023-05-28 00:00:00","1911.00","106.00","5.87","4"
"ETH","2023-06-04 00:00:00","1891.00","-20.00","-1.05","3"
"ETH","2023-06-11 00:00:00","1753.00","-138.00","-7.30","3"
"ETH","2023-06-18 00:00:00","1721.00","-32.00","-1.83","2"
"ETH","2023-06-25 00:00:00","1901.00","180.00","10.46","3"
"ETH","2023-07-02 00:00:00","1937.00","36.00","1.89","4"
"ETH","2023-07-09 00:00:00","1863.00","-74.00","-3.82","3"
"ETH","2023-07-16 00:00:00","1924.00","61.00","3.27","3"
"ETH","2023-07-23 00:00:00","1889.00","-35.00","-1.82","3"
"ETH","2023-07-30 00:00:00","1862.00","-27.00","-1.43","3"
"ETH","2023-08-06 00:00:00","1827.00","-35.00","-1.88","3"
"ETH","2023-08-13 00:00:00","1839.00","12.00","0.66","3"
"ETH","2023-08-20 00:00:00","1685.00","-154.00","-8.37","2"
"ETH","2023-08-27 00:00:00","1658.00","-27.00","-1.60","2"
"ETH","2023-09-03 00:00:00","1636.00","-22.00","-1.33","1"
"ETH","2023-09-10 00:00:00","1617.00","-19.00","-1.16","1"
"ETH","2023-09-17 00:00:00","1623.00","6.00","0.37","2"
"ETH","2023-09-24 00:00:00","1581.00","-42.00","-2.59","2"
"ETH","2023-10-01 00:00:00","1734.00","153.00","9.68","2"
"ETH","2023-10-08 00:00:00","1634.00","-100.00","-5.77","2"
"ETH","2023-10-15 00:00:00","1558.00","-76.00","-4.65","2"
"ETH","2023-10-22 00:00:00","1663.00","105.00","6.74","3"
"ETH","2023-10-29 00:00:00","1796.00","133.00","8.00","4"
"ETH","2023-11-05 00:00:00","1894.00","98.00","5.46","4"
"ETH","2023-11-12 00:00:00","2045.00","151.00","7.97","5"
"ETH","2023-11-19 00:00:00","2013.00","-32.00","-1.56","4"
"ETH","2023-11-26 00:00:00","2063.00","50.00","2.48","5"
"ETH","2023-12-03 00:00:00","2194.00","131.00","6.35","6"
"ETH","2023-12-10 00:00:00","2352.00","158.00","7.20","6"
"ETH","2023-12-17 00:00:00","2196.00","-156.00","-6.63","5"
"ETH","2023-12-24 00:00:00","2266.00","70.00","3.19","5"
"ETH","2023-12-31 00:00:00","2281.00","15.00","0.66","5"
"ETH","2024-01-07 00:00:00","2223.00","-58.00","-2.54","5"
"ETH","2024-01-14 00:00:00","2472.00","249.00","11.20","5"
"ETH","2024-01-21 00:00:00","2454.00","-18.00","-0.73","4"
"ETH","2024-01-28 00:00:00","2257.00","-197.00","-8.03","3"
"ETH","2024-02-04 00:00:00","2290.00","33.00","1.46","4"
"ETH","2024-02-11 00:00:00","2508.00","218.00","9.52","4"
"ETH","2024-02-18 00:00:00","2879.00","371.00","14.79","4"
"ETH","2024-02-25 00:00:00","3113.00","234.00","8.13","5"
"ETH","2024-03-03 00:00:00","3491.00","378.00","12.14","5"
"ETH","2024-03-10 00:00:00","3881.00","390.00","11.17","6"
"ETH","2024-03-17 00:00:00","3642.00","-239.00","-6.16","6"
"ETH","2024-03-24 00:00:00","3455.00","-187.00","-5.13","5"
"ETH","2024-03-31 00:00:00","3648.00","193.00","5.59","5"
"ETH","2024-04-07 00:00:00","3453.00","-195.00","-5.35","4"
"ETH","2024-04-14 00:00:00","3157.00","-296.00","-8.57","3"
"ETH","2024-04-21 00:00:00","3147.00","-10.00","-0.32","2"
"ETH","2024-04-28 00:00:00","3263.00","116.00","3.69","2"
"ETH","2024-05-05 00:00:00","3137.00","-126.00","-3.86","2"
"ETH","2024-05-12 00:00:00","2929.00","-208.00","-6.63","2"
"ETH","2024-05-19 00:00:00","3072.00","143.00","4.88","2"
"ETH","2024-05-26 00:00:00","3826.00","754.00","24.54","3"
"ETH","2024-06-02 00:00:00","3781.00","-45.00","-1.18","3"
"ETH","2024-06-09 00:00:00","3706.00","-75.00","-1.98","3"
"ETH","2024-06-16 00:00:00","3621.00","-85.00","-2.29","2"
"ETH","2024-06-23 00:00:00","3419.00","-202.00","-5.58","2"
"ETH","2024-06-30 00:00:00","3433.00","14.00","0.41","3"
"ETH","2024-07-07 00:00:00","2929.00","-504.00","-14.68","2"
"ETH","2024-07-14 00:00:00","3244.00","315.00","10.75","2"
"ETH","2024-07-21 00:00:00","3537.00","293.00","9.03","3"
"ETH","2024-07-28 00:00:00","3271.00","-266.00","-7.52","3"
"ETH","2024-08-04 00:00:00","2686.00","-585.00","-17.88","3"
"ETH","2024-08-11 00:00:00","2553.00","-133.00","-4.95","3"
"ETH","2024-08-18 00:00:00","2613.00","60.00","2.35","3"
"ETH","2024-08-25 00:00:00","2749.00","136.00","5.20","4"
"ETH","2024-09-01 00:00:00","2428.00","-321.00","-11.68","3"
"ETH","2024-09-08 00:00:00","2297.00","-131.00","-5.40","2"
"ETH","2024-09-15 00:00:00","2321.00","24.00","1.04","3"
"ETH","2024-09-22 00:00:00","2583.00","262.00","11.29","4"
"ETH","2024-09-29 00:00:00","2659.00","76.00","2.94","5"
"ETH","2024-10-06 00:00:00","2440.00","-219.00","-8.24","4"
"ETH","2024-10-13 00:00:00","2468.00","28.00","1.15","4"
"ETH","2024-10-20 00:00:00","2746.00","278.00","11.26","5"
"ETH","2024-10-27 00:00:00","2506.00","-240.00","-8.74","5"
"ETH","2024-11-03 00:00:00","2456.00","-50.00","-2.00","4"
"ETH","2024-11-10 00:00:00","3191.00","735.00","29.93","4"
"ETH","2024-11-17 00:00:00","3076.00","-115.00","-3.60","3"
"ETH","2024-11-24 00:00:00","3364.00","288.00","9.36","4"
"ETH","2024-12-01 00:00:00","3711.00","347.00","10.32","4"
"ETH","2024-12-08 00:00:00","4006.00","295.00","7.95","4"
"ETH","2024-12-15 00:00:00","3952.00","-54.00","-1.35","4"
"ETH","2024-12-22 00:00:00","3278.00","-674.00","-17.05","4"
"ETH","2024-12-29 00:00:00","3350.00","72.00","2.20","4"
